Region	ERG_Gene	Scaffold	Region_Start	Region_End	Region_Size	Variant_Count	Expected_Variants	Enrichment	P_Value	Significant	GC_Content	Homopolymer_Count	Dinucleotide_Repeat_Count	CpG_Density	Similar_Function_Genes	Potential_Regulators	Pathway_Related_Genes	Unknown_Function_Genes
ERG11_upstream	ERG11	w303_scaffold_8	117302	167302	50000	15	0.44166666666666665	33.9622641509434	8.996501346828807e-19	True	0.35262	28	7	28.76	0	0	0	0
ERG7_downstream	ERG7	w303_scaffold_8	249323	299323	50000	15	0.44166666666666665	33.9622641509434	8.996501346828807e-19	True	0.343	46	5	28.0	0	0	0	1
ERG25_neighborhood	ERG25	w303_scaffold_7	507691	658621	150930	30	1.333215	22.501997052238387	8.790698797707721e-32	True	0.3298548996223415	95	17	29.20559199628967	0	0	0	2
