Treatment	Total_Variants	Clustered_Variants	Percent_Clustered	DominantMutation	Percentage	TransitionPct	TopHotspot
WT	65	54	83.1	G>A	45.4545454545455	77.2727272727273	JRIU01000157.1
STC	17	12	70.6	A>C	20	60	JRIU01000117.1
CAS	55	46	83.6	C>T	40	100	JRIU01000289.1
WTA	54	44	81.5	A>G	55.5555555555556	77.7777777777778	JRIU01000341.1
