Scaffold,Length,Observed,Expected,Fold_Change,P_Value
JRIU01000031.1,128238,21,1.6203954916336523,12.95979907894473,1.1102230246251565e-16
