Scaffold,Length,Observed,Expected,Fold_Change,P_Value
JRIU01000031.1,128238,17,1.719603378876529,9.886000579451428,5.594413821086164e-12
JRIU01000094.1,79276,7,1.0630489984545588,6.5848328818111606,0.0001209548430797236
