{
  "total_nodes": 29,
  "total_edges": 22,
  "erg_genes": 11,
  "affected_genes": 12,
  "regulatory_edges": 6,
  "proximity_edges": 16,
  "average_degree": 1.5172413793103448,
  "connected_components": 9,
  "average_path_length": null,
  "erg_gene_variants": 0,
  "affected_gene_variants": 106,
  "high_impact_variants": 34,
  "moderate_impact_variants": 72,
  "top_central_nodes": [
    [
      "W3030L01320",
      0.07407407407407407
    ],
    [
      "W3030H00650",
      0.05952380952380952
    ],
    [
      "W3030P01520",
      0.05026455026455026
    ],
    [
      "W3030H01440",
      0.04497354497354497
    ],
    [
      "W3030P03320",
      0.031746031746031744
    ]
  ]
}