sample,treatment,adaptation,sterol,concentration,baseline_concentration,fold_change,log2_fold_change
CAS_5_37C,CAS,Temperature,Ergosterol,13.0,9.0,1.4444444444444444,0.5305147166987798
CAS_55_37C,CAS,Temperature,Ergosterol,6.5,9.0,0.7222222222222222,-0.46948528330122025
STC_5,STC,Low Oxygen,Ergosterol,2.8,9.0,0.3111111111111111,-1.6844981742720706
STC_55,STC,Low Oxygen,Ergosterol,1.7,9.0,0.18888888888888888,-2.4043902550793352
WT_5_MA,WT,Low Oxygen,Ergosterol,4.4,9.0,0.48888888888888893,-1.0324214776923772
WT_55_37C,WT,Temperature,Ergosterol,12.5,9.0,1.3888888888888888,0.47393118833241227
WT_55_37C,WT,Temperature,Zymosterol,7.0,2.0,3.5,1.8073549220576042
WT_55_MA,WT,Low Oxygen,Ergosterol,2.0,9.0,0.2222222222222222,-2.1699250014423126
