{
  "region_counts": {
    "core_promoter": 29,
    "proximal_UAS": 15
  },
  "region_percent": {
    "core_promoter": 65.9,
    "proximal_UAS": 34.1
  },
  "treatment_region": {
    "core_promoter": {
      "CAS": 66.66666666666666,
      "CAS-CTRL": 66.66666666666666,
      "STC": 66.66666666666666,
      "STC-CTRL": 66.66666666666666,
      "WT-37": 62.5,
      "WT-CTRL": 66.66666666666666,
      "WTA": 66.66666666666666
    },
    "proximal_UAS": {
      "CAS": 33.33333333333333,
      "CAS-CTRL": 33.33333333333333,
      "STC": 33.33333333333333,
      "STC-CTRL": 33.33333333333333,
      "WT-37": 37.5,
      "WT-CTRL": 33.33333333333333,
      "WTA": 33.33333333333333
    }
  },
  "erg_region_counts": {
    "core_promoter": 29,
    "proximal_UAS": 15
  },
  "erg_region_percent": {
    "core_promoter": 65.9,
    "proximal_UAS": 34.1
  },
  "erg_treatment_region": {
    "core_promoter": {
      "CAS": 66.66666666666666,
      "CAS-CTRL": 66.66666666666666,
      "STC": 66.66666666666666,
      "STC-CTRL": 66.66666666666666,
      "WT-37": 62.5,
      "WT-CTRL": 66.66666666666666,
      "WTA": 66.66666666666666
    },
    "proximal_UAS": {
      "CAS": 33.33333333333333,
      "CAS-CTRL": 33.33333333333333,
      "STC": 33.33333333333333,
      "STC-CTRL": 33.33333333333333,
      "WT-37": 37.5,
      "WT-CTRL": 33.33333333333333,
      "WTA": 33.33333333333333
    }
  }
}