PC1,PC2,sample,treatment,temperature,condition,adaptation
0.2135899951058677,3.9443100580058474,CAS_55_37C,CAS,55,37C,Temperature
5.272653112795907,-0.8825102709767316,CAS_5_37C,CAS,5,37C,Temperature
-1.2878206014456826,-0.8564176842450095,STC_5,STC,5,37C,Low Oxygen
-1.5741898130724485,-1.123563382618845,STC_55,STC,55,37C,Low Oxygen
-0.2811593362207286,0.12327431248272211,WT_55_37C,WT,55,37C,Temperature
-1.0227614409182222,-0.45442500890852827,WT_55_MA,WT,55,MA,Low Oxygen
-0.490968777063617,-0.33566087787692156,WT_5_37C,WT,5,37C,None
-0.8293431391810734,-0.41500714586253296,WT_5_MA,WT,5,MA,Low Oxygen
