Treatment	core_promoter	proximal_UAS
CAS	66.66666666666666	33.33333333333333
CAS-CTRL	66.66666666666666	33.33333333333333
STC	66.66666666666666	33.33333333333333
STC-CTRL	66.66666666666666	33.33333333333333
WT-37	62.5	37.5
WT-CTRL	66.66666666666666	33.33333333333333
WTA	66.66666666666666	33.33333333333333
