Regulatory_Region	Gene Modified	Non-Modified
core_promoter	66.66666666666666	64.70588235294117
proximal_UAS	33.33333333333333	35.294117647058826
