Regulatory_Region	Temperature	Low Oxygen
core_promoter	64.70588235294117	66.66666666666666
proximal_UAS	35.294117647058826	33.33333333333333
