Scaffold,Length,Observed,Expected,Fold_Change,P_Value
JRIU01000031.1,128238,12,1.3889104214002734,8.63986605262982,3.0005348317097e-08
