Scaffold,Length,Observed,Expected,Fold_Change,P_Value
JRIU01000031.1,128238,12,1.4550490128955245,8.247144868419374,4.9357158027341086e-08
