Scaffold,Length,Observed,Expected,Fold_Change,P_Value
JRIU01000031.1,128238,24,2.0613194349353265,11.643028049533232,0.0
JRIU01000094.1,79276,4,1.2742959148141186,3.138988325630377,0.040573513652273796
