adaptation_type,substrate,product,ratio_mean,ratio_std,log2_ratio_mean,log2_ratio_std
Low Oxygen,Ergosterol,Tetrahymanol,0.3245798319327731,0.20648706425405486,-1.7864448342102905,0.9885098142985381
Temperature,Ergosterol,Stigmasta-5_22-dien-3-ol_acetate,2.1538461538461537,,1.1069152039165118,
Temperature,Fecosterol,Ergosterol,3.45,3.9597979746446663,1.0111839065142274,2.308947285897643
Temperature,Lanosterol,Cycloartenol,2.3333333333333335,,1.222392421336448,
Temperature,Lanosterol,Ergosterol,3.7916666666666665,0.7660323462854263,1.907958467780514,0.29347583018677703
Temperature,Zymosterol,Fecosterol,0.2857142857142857,,-1.8073549220576042,
