gene_modified,substrate,product,ratio_mean,ratio_std,log2_ratio_mean,log2_ratio_std
False,Fecosterol,Ergosterol,6.25,,2.643856189774725,
False,Zymosterol,Fecosterol,0.2857142857142857,,-1.8073549220576042,
True,Ergosterol,Stigmasta-5_22-dien-3-ol_acetate,2.1538461538461537,,1.1069152039165118,
True,Ergosterol,Tetrahymanol,0.3245798319327731,0.20648706425405486,-1.7864448342102905,0.9885098142985381
True,Fecosterol,Ergosterol,0.65,,-0.6214883767462701,
True,Lanosterol,Cycloartenol,2.3333333333333335,,1.222392421336448,
True,Lanosterol,Ergosterol,3.7916666666666665,0.7660323462854263,1.907958467780514,0.29347583018677703
