Region	Group1_Count	Group1_Percent	Group2_Count	Group2_Percent	Odds_Ratio	P_Value	Effect_Size	Adjusted_P_Value	Significant
distal_regulatory	18	78.26086956521739	15	68.18181818181817	1.68	0.5136330885621868	0.1139324206651478	0.5136330885621868	False
