Regulatory_Region	Gene Modified	Non-Modified	Difference
coding_missense	17.391304347826086	31.818181818181817	14.42687747035573
coding_synonymous	4.3478260869565215	0.0	4.3478260869565215
distal_regulatory	78.26086956521739	68.18181818181817	10.079051383399218
