Regulatory_Region	Temperature	Low Oxygen	Difference
core_promoter	64.70588235294117	66.66666666666666	1.9607843137254832
UAS_proximal	35.294117647058826	33.33333333333333	1.9607843137254974
