Region	Group1_Count	Group1_Percent	Group2_Count	Group2_Percent	Odds_Ratio	P_Value	Effect_Size	Adjusted_P_Value	Significant
core_promoter	11	64.70588235294117	12	66.66666666666666	0.9166666666666666	1.0	0.020646003475383347	1.0	False
UAS_proximal	6	35.294117647058826	6	33.33333333333333	1.0909090909090908	1.0	0.020646003475383347	1.0	False
