Regulatory_Region	Temperature	Low Oxygen	Difference
coding_missense	30.303030303030305	8.333333333333332	21.969696969696972
coding_synonymous	0.0	8.333333333333332	8.333333333333332
distal_regulatory	69.6969696969697	83.33333333333334	13.63636363636364
