Treatment	UAS_distal	UAS_proximal	far_upstream	five_prime_UTR	terminator	unknown
CAS	33.33333333333333	6.666666666666667	40.0	0.0	0.0	20.0
STC	37.5	0.0	37.5	0.0	0.0	25.0
WT-37	0.0	5.555555555555555	44.44444444444444	5.555555555555555	11.11111111111111	33.33333333333333
WTA	0.0	0.0	75.0	0.0	25.0	0.0
