Treatment	coding_missense	coding_synonymous	distal_regulatory
CAS	20.0	0.0	80.0
STC	12.5	12.5	75.0
WT-37	38.88888888888889	0.0	61.111111111111114
WTA	0.0	0.0	100.0
