Treatment	Distance_Bin	Count	Percentage
CAS	2001-5000	1	6.666666666666667
CAS	5001-10000	5	33.33333333333333
CAS	>10000	9	60.0
STC	5001-10000	3	37.5
STC	>10000	5	62.5
WT-37	5001-10000	7	38.88888888888889
WT-37	>10000	11	61.111111111111114
WTA	5001-10000	2	50.0
WTA	>10000	2	50.0
