Motif	Count	Percentage	Treatment	Mutation
GG	23	35.3846153846154	CAS	C>T
CpG	23	35.3846153846154	CAS	C>T
AAAA	0	0	CAS	C>T
TTTT	3	4.61538461538462	CAS	C>T
CCCC	1	1.53846153846154	CAS	C>T
GGGG	1	1.53846153846154	CAS	C>T
