Position	Base	Frequency	Count	Total
-5	A	0.285714285714286	2	7
-5	C	0.142857142857143	1	7
-5	T	0.571428571428571	4	7
-4	A	0.142857142857143	1	7
-4	C	0.285714285714286	2	7
-4	G	0.142857142857143	1	7
-4	T	0.428571428571429	3	7
-3	C	0.285714285714286	2	7
-3	T	0.714285714285714	5	7
-2	A	0.571428571428571	4	7
-2	C	0.142857142857143	1	7
-2	G	0.142857142857143	1	7
-2	T	0.142857142857143	1	7
-1	A	0.142857142857143	1	7
-1	C	0.571428571428571	4	7
-1	T	0.285714285714286	2	7
0	A	1	7	7
1	A	0.285714285714286	2	7
1	C	0.285714285714286	2	7
1	G	0.428571428571429	3	7
2	A	0.428571428571429	3	7
2	C	0.285714285714286	2	7
2	G	0.142857142857143	1	7
2	T	0.142857142857143	1	7
3	A	0.142857142857143	1	7
3	C	0.428571428571429	3	7
3	G	0.142857142857143	1	7
3	T	0.285714285714286	2	7
4	A	0.571428571428571	4	7
4	G	0.142857142857143	1	7
4	T	0.285714285714286	2	7
5	A	0.285714285714286	2	7
5	T	0.714285714285714	5	7
