Motif	Count	Percentage	Treatment	Mutation
GG	45	48.3870967741936	WT	G>A
CpG	34	36.5591397849462	WT	G>A
AAAA	3	3.2258064516129	WT	G>A
TTTT	0	0	WT	G>A
CCCC	0	0	WT	G>A
GGGG	5	5.3763440860215	WT	G>A
