Motif	Count	Percentage	Treatment	Mutation
GG	25	18.796992481203	WTA	A>G
CpG	27	20.3007518796992	WTA	A>G
AAAA	7	5.26315789473684	WTA	A>G
TTTT	3	2.25563909774436	WTA	A>G
CCCC	0	0	WTA	A>G
GGGG	0	0	WTA	A>G
