Position	Base	Frequency	Count	Total
-5	A	0.338345864661654	45	133
-5	C	0.195488721804511	26	133
-5	G	0.135338345864662	18	133
-5	T	0.330827067669173	44	133
-4	A	0.390977443609023	52	133
-4	C	0.233082706766917	31	133
-4	G	0.142857142857143	19	133
-4	T	0.233082706766917	31	133
-3	A	0.368421052631579	49	133
-3	C	0.135338345864662	18	133
-3	G	0.195488721804511	26	133
-3	T	0.300751879699248	40	133
-2	A	0.338345864661654	45	133
-2	C	0.225563909774436	30	133
-2	G	0.210526315789474	28	133
-2	T	0.225563909774436	30	133
-1	A	0.31578947368421	42	133
-1	C	0.285714285714286	38	133
-1	G	0.142857142857143	19	133
-1	T	0.255639097744361	34	133
0	A	1	133	133
1	A	0.323308270676692	43	133
1	C	0.0827067669172932	11	133
1	G	0.255639097744361	34	133
1	T	0.338345864661654	45	133
2	A	0.263157894736842	35	133
2	C	0.360902255639098	48	133
2	G	0.142857142857143	19	133
2	T	0.233082706766917	31	133
3	A	0.270676691729323	36	133
3	C	0.172932330827068	23	133
3	G	0.150375939849624	20	133
3	T	0.406015037593985	54	133
4	A	0.353383458646617	47	133
4	C	0.12781954887218	17	133
4	G	0.210526315789474	28	133
4	T	0.308270676691729	41	133
5	A	0.233082706766917	31	133
5	C	0.240601503759398	32	133
5	G	0.210526315789474	28	133
5	T	0.31578947368421	42	133
