Treatment_Group	downstream_element	terminator
Gene Modified	33.33333333333333	66.66666666666666
Non-Modified	35.294117647058826	64.70588235294117
