Treatment	downstream_element	terminator
CAS	33.33333333333333	66.66666666666666
CAS-CTRL	33.33333333333333	66.66666666666666
STC	33.33333333333333	66.66666666666666
STC-CTRL	33.33333333333333	66.66666666666666
WT-37	37.5	62.5
WT-CTRL	33.33333333333333	66.66666666666666
WTA	33.33333333333333	66.66666666666666
