Category	Group	OSH Variants	OSH %	ERG Variants	Ratio OSH/ERG
Adaptation Type	Temperature (WT-37, CAS)	58	41.42857142857143	147	0.3945578231292517
Adaptation Type	Low Oxygen (WTA, STC)	55	39.285714285714285	132	0.4166666666666667
Gene Modification	Modified (CAS, STC)	60	42.857142857142854	145	0.41379310344827586
Gene Modification	Non-modified (WT-37, WTA)	53	37.857142857142854	134	0.39552238805970147
