Gene Type	Total Variants	HIGH Impact	HIGH Impact %	MODERATE Impact	MODERATE Impact %	LOW Impact	LOW Impact %	MODIFIER Impact	MODIFIER Impact %
OSH	140	30	21.428571428571427	0	0.0	0	0.0	110	78.57142857142857
ERG	344	15	4.3604651162790695	21	6.104651162790698	0	0.0	308	89.53488372093024
