Gene Type	Total Variants	Within Gene	Within Gene %	Within 1kb	Within 1kb %	Within 5kb	Within 5kb %	Upstream Variants	Upstream %	Downstream Variants	Downstream %
OSH	140	0	0.0	0	0.0	19	13.571428571428571	44	31.428571428571427	96	68.57142857142857
ERG	344	0	0.0	89	25.872093023255815	150	43.604651162790695	170	49.41860465116279	174	50.58139534883721
