Treatment,Total SNVs,Transitions,Transversions,Ti/Tv Ratio,Most Common,Most Common Count
WT,167,124,43,2.883720930232558,T>C,74
STC,59,44,15,2.933333333333333,T>C,26
CAS,128,89,39,2.282051282051282,T>C,50
WTA,134,100,34,2.9411764705882355,T>C,62
