comparison,group1,group1_mean,group2,group2_mean,fold_change,log2_fold_change
Temperature vs Low Oxygen,Temperature,10.25,Low Oxygen,2.725,3.761467889908257,1.9112957747285197
Modified vs Non-modified,Modified,6.0,Non-modified,6.975,0.8602150537634409,-0.21723071622066903
CAS vs STC,CAS,9.75,STC,2.25,4.333333333333333,2.1154772174199357
CAS vs WT,CAS,9.75,WT,6.975,1.3978494623655915,0.4832090019204232
STC vs WT,STC,2.25,WT,6.975,0.3225806451612903,-1.632268215499513
