Position	Base	Frequency	Count	Total
-5	A	0.369230769230769	24	65
-5	C	0.153846153846154	10	65
-5	G	0.307692307692308	20	65
-5	T	0.169230769230769	11	65
-4	A	0.384615384615385	25	65
-4	C	0.246153846153846	16	65
-4	G	0.153846153846154	10	65
-4	T	0.215384615384615	14	65
-3	A	0.276923076923077	18	65
-3	C	0.107692307692308	7	65
-3	G	0.307692307692308	20	65
-3	T	0.307692307692308	20	65
-2	A	0.230769230769231	15	65
-2	C	0.276923076923077	18	65
-2	G	0.307692307692308	20	65
-2	T	0.184615384615385	12	65
-1	A	0.323076923076923	21	65
-1	C	0.292307692307692	19	65
-1	G	0.169230769230769	11	65
-1	T	0.215384615384615	14	65
0	C	1	65	65
1	A	0.215384615384615	14	65
1	C	0.0769230769230769	5	65
1	G	0.169230769230769	11	65
1	T	0.538461538461538	35	65
2	A	0.276923076923077	18	65
2	C	0.261538461538462	17	65
2	G	0.2	13	65
2	T	0.261538461538462	17	65
3	A	0.169230769230769	11	65
3	C	0.230769230769231	15	65
3	G	0.169230769230769	11	65
3	T	0.430769230769231	28	65
4	A	0.107692307692308	7	65
4	C	0.246153846153846	16	65
4	G	0.323076923076923	21	65
4	T	0.323076923076923	21	65
5	A	0.261538461538462	17	65
5	C	0.338461538461538	22	65
5	G	0.184615384615385	12	65
5	T	0.215384615384615	14	65
