Motif	Count	Percentage	Treatment	Mutation
GG	45	48.3870967741936	WT	G>A
CpG	34	36.5591397849462	WT	G>A
AAAA	3	3.2258064516129	WT	G>A
TTTT	0	0	WT	G>A
CCCC	0	0	WT	G>A
GGGG	5	5.3763440860215	WT	G>A
GG	25	18.796992481203	WTA	A>G
CpG	27	20.3007518796992	WTA	A>G
AAAA	7	5.26315789473684	WTA	A>G
TTTT	3	2.25563909774436	WTA	A>G
CCCC	0	0	WTA	A>G
GGGG	0	0	WTA	A>G
GG	23	35.3846153846154	CAS	C>T
CpG	23	35.3846153846154	CAS	C>T
AAAA	0	0	CAS	C>T
TTTT	3	4.61538461538462	CAS	C>T
CCCC	1	1.53846153846154	CAS	C>T
GGGG	1	1.53846153846154	CAS	C>T
