Position	Base	Frequency	Count	Total
-5	A	0.311827956989247	29	93
-5	C	0.193548387096774	18	93
-5	G	0.193548387096774	18	93
-5	T	0.301075268817204	28	93
-4	A	0.204301075268817	19	93
-4	C	0.376344086021505	35	93
-4	G	0.172043010752688	16	93
-4	T	0.247311827956989	23	93
-3	A	0.290322580645161	27	93
-3	C	0.161290322580645	15	93
-3	G	0.172043010752688	16	93
-3	T	0.376344086021505	35	93
-2	A	0.204301075268817	19	93
-2	C	0.236559139784946	22	93
-2	G	0.21505376344086	20	93
-2	T	0.344086021505376	32	93
-1	A	0.301075268817204	28	93
-1	C	0.32258064516129	30	93
-1	G	0.10752688172043	10	93
-1	T	0.268817204301075	25	93
0	G	1	93	93
1	A	0.32258064516129	30	93
1	C	0.118279569892473	11	93
1	G	0.290322580645161	27	93
1	T	0.268817204301075	25	93
2	A	0.290322580645161	27	93
2	C	0.387096774193548	36	93
2	G	0.118279569892473	11	93
2	T	0.204301075268817	19	93
3	A	0.451612903225806	42	93
3	C	0.247311827956989	23	93
3	G	0.10752688172043	10	93
3	T	0.193548387096774	18	93
4	A	0.161290322580645	15	93
4	C	0.150537634408602	14	93
4	G	0.32258064516129	30	93
4	T	0.365591397849462	34	93
5	A	0.258064516129032	24	93
5	C	0.376344086021505	35	93
5	G	0.139784946236559	13	93
5	T	0.225806451612903	21	93
