Treatment	Mutation	Count	Percentage
CAS	A>C	0	0
CAS	A>G	0	0
CAS	A>T	0	0
CAS	C>A	0	0
CAS	C>G	0	0
CAS	C>T	4	40
CAS	G>A	2	20
CAS	G>C	0	0
CAS	G>T	0	0
CAS	T>A	0	0
CAS	T>C	4	40
CAS	T>G	0	0
STC	A>C	3	20
STC	A>G	3	20
STC	A>T	0	0
STC	C>A	2	13.3333333333333
STC	C>G	0	0
STC	C>T	1	6.66666666666667
STC	G>A	2	13.3333333333333
STC	G>C	0	0
STC	G>T	1	6.66666666666667
STC	T>A	0	0
STC	T>C	3	20
STC	T>G	0	0
WT	A>C	0	0
WT	A>G	0	0
WT	A>T	2	9.09090909090909
WT	C>A	2	9.09090909090909
WT	C>G	1	4.54545454545455
WT	C>T	2	9.09090909090909
WT	G>A	10	45.4545454545455
WT	G>C	0	0
WT	G>T	0	0
WT	T>A	0	0
WT	T>C	5	22.7272727272727
WT	T>G	0	0
WTA	A>C	0	0
WTA	A>G	10	55.5555555555556
WTA	A>T	0	0
WTA	C>A	0	0
WTA	C>G	0	0
WTA	C>T	0	0
WTA	G>A	2	11.1111111111111
WTA	G>C	2	11.1111111111111
WTA	G>T	0	0
WTA	T>A	0	0
WTA	T>C	2	11.1111111111111
WTA	T>G	2	11.1111111111111
