Treatment,Treatment_Variants,Control_Variants,Odds_Ratio,P_Value,Q_Value,Fold_Change
WT,768,0,inf,1.272516705170986e-231,1.6966889402279813e-231,768.0
CAS,768,0,inf,1.272516705170986e-231,1.6966889402279813e-231,768.0
WTA,768,0,inf,1.272516705170986e-231,1.6966889402279813e-231,768.0
STC,646,0,inf,6.790202812325714e-195,6.790202812325714e-195,646.0
