Treatment,Description,Treatment_Variants,Control,Control_Variants,Odds_Ratio,P_Value,Q_Value,Fold_Change
STC-vs-STCCTRL,STC vs STC control,768,STC-CTRL,1075,0.7144003262720442,9.042899321972798e-13,5.425739593183679e-12,0.7144186046511628
CAS-vs-CASCTRL,CAS vs CAS control,768,CAS-CTRL,956,0.8033346937551283,6.540639617762504e-06,1.962191885328751e-05,0.803347280334728
WT-37,Temperature-adapted wild type,768,WT-CTRL,944,0.8135473890667986,2.30478664102224e-05,2.30478664102224e-05,0.8135593220338984
WTA,Low oxygen-adapted wild type,768,WT-CTRL,944,0.8135473890667986,2.30478664102224e-05,2.30478664102224e-05,0.8135593220338984
STC,STC gene with low oxygen adaptation,768,WT-CTRL,944,0.8135473890667986,2.30478664102224e-05,2.30478664102224e-05,0.8135593220338984
CAS,CAS gene with temperature adaptation,768,WT-CTRL,944,0.8135473890667986,2.30478664102224e-05,2.30478664102224e-05,0.8135593220338984
