Treatment,Description,Treatment_Variants,Control,Control_Variants,Odds_Ratio,P_Value,Q_Value,Fold_Change
STC-vs-STCCTRL,STC vs STC control,126,STC-CTRL,1075,0.11720003292592712,3.1970489663665744e-188,1.9182293798199447e-187,0.1172093023255814
STC,STC gene with low oxygen adaptation,126,WT-CTRL,944,0.13346547765870187,1.7904864471985762e-155,5.371459341595729e-155,0.13347457627118645
CAS-vs-CASCTRL,CAS vs CAS control,132,CAS-CTRL,956,0.13806583253168922,1.0611650017770289e-154,2.1223300035540578e-154,0.13807531380753138
CAS,CAS gene with temperature adaptation,132,WT-CTRL,944,0.13982104650608784,9.15131302169051e-152,1.3726969532535765e-151,0.13983050847457626
WTA,Low oxygen-adapted wild type,156,WT-CTRL,944,0.16524338545214648,6.440561087255848e-138,7.728673304707017e-138,0.1652542372881356
WT-37,Temperature-adapted wild type,187,WT-CTRL,944,0.19808072376359503,4.884446722207897e-122,4.884446722207897e-122,0.19809322033898305
