Region,Count,Percentage
other,10843,37.0802270706518
upstream_regulatory,7994,27.33739142329526
downstream_regulatory,3012,10.300253060666165
distal_promoter,2650,9.062307639696328
proximal_promoter,2573,8.79898775733534
core_promoter,1545,5.283496340879557
5_UTR,401,1.3713152315163122
3_UTR,224,0.7660214759592368
